{"cameraMode":{"drawMode":0,"name":"Shaded","section":"Shading Mode"},"sceneLighting":true,"audioPlay":false,"sceneViewState":{"showFog":true,"showMaterialUpdate":false,"showSkybox":true,"showFlares":true,"showImageEffects":true,"showParticleSystems":true},"in2DMode":false,"pivot":{"x":0.15707612037658692,"y":4.306091785430908,"z":-0.224625825881958},"rotation":{"x":0.08834478259086609,"y":-0.029878143221139909,"z":0.0026511384639889,"w":0.9956385493278503},"size":8.980621337890625,"orthographic":false}